{"max_depth": 3, "min_samples_leaf": 1, "accuracy": 0.9761904761904762, "precision": 0.9583333333333334, "recall": 0.9583333333333334, "train_accuracy": [["sin_H_t", 0.01231891759501518], ["cos_H_t", 0.014195076609543184], ["W_t", 0.6406289831315], ["M_t-1", 0.3328570226639416]]}