{"max_depth": 3, "min_samples_leaf": 1, "accuracy": 1.0, "precision": 1.0, "recall": 1.0, "train_accuracy": [["sin_H_t", 0.14788678082188947], ["cos_H_t", 0.767683338862253], ["W_t", 0.00017938006098913725], ["M_t-1", 0.0842505002548684]]}