{"max_depth": 3, "min_samples_leaf": 1, "accuracy": 1.0, "precision": 1.0, "recall": 1.0, "train_accuracy": [["sin_H_t", 0.13368824077900354], ["cos_H_t", 0.6381551904082079], ["W_t", 7.1948477397937e-05], ["M_t-1", 0.22808462033539065]]}