{"max_depth": 3, "min_samples_leaf": 1, "accuracy": 0.9702380952380952, "precision": 0.9479166666666666, "recall": 0.9479166666666666, "train_accuracy": [["sin_H_t", 0.005697998044033213], ["cos_H_t", 0.024575018094503714], ["W_t", 0.3958054802585239], ["M_t-1", 0.5739215036029393]]}