{"max_depth": 3, "min_samples_leaf": 1, "accuracy": 0.9940476190476191, "precision": 0.9895833333333334, "recall": 0.9895833333333334, "train_accuracy": [["sin_H_t", 0.0018549591733924848], ["cos_H_t", 0.006420303585832345], ["W_t", 0.3977609953659009], ["M_t-1", 0.5939637418748742]]}