{"max_depth": 3, "min_samples_leaf": 1, "accuracy": 1.0, "precision": 1.0, "recall": 1.0, "train_accuracy": [["sin_H_t", 0.2023579565908571], ["cos_H_t", 0.5239279324866323], ["W_t", 3.209268897256631e-06], ["M_t-1", 0.27371090165361334]]}