{"max_depth": 3, "min_samples_leaf": 1, "accuracy": 0.9940476190476191, "precision": 0.9895833333333334, "recall": 0.9895833333333334, "train_accuracy": [["sin_H_t", 0.0012226395471617163], ["cos_H_t", 0.005727447062715618], ["W_t", 0.3603715331497934], ["M_t-1", 0.6326783802403293]]}