{"max_depth": 3, "min_samples_leaf": 1, "accuracy": 0.9702380952380952, "precision": 0.9479166666666666, "recall": 0.9479166666666666, "train_accuracy": [["sin_H_t", 0.014446950644212744], ["cos_H_t", 0.023031107551218812], ["W_t", 0.6783443236535683], ["M_t-1", 0.284177618151]]}