{"max_depth": 3, "min_samples_leaf": 1, "accuracy": 0.9821428571428571, "precision": 0.96875, "recall": 0.96875, "train_accuracy": [["sin_H_t", 0.007691264869752036], ["cos_H_t", 0.015859978203360877], ["W_t", 0.7423199708025361], ["M_t-1", 0.23412878612435092]]}