{"max_depth": 3, "min_samples_leaf": 1, "accuracy": 0.9880952380952381, "precision": 0.9791666666666666, "recall": 0.9791666666666666, "train_accuracy": [["sin_H_t", 0.005848054567197352], ["cos_H_t", 0.007029834627941128], ["W_t", 0.7915306828694227], ["M_t-1", 0.19559142793543888]]}