{"max_depth": 3, "min_samples_leaf": 1, "accuracy": 1.0, "precision": 1.0, "recall": 1.0, "train_accuracy": [["sin_H_t", 0.08479495185824248], ["cos_H_t", 0.7525539741801375], ["W_t", 0.0], ["M_t-1", 0.16265107396162007]]}