{"max_depth": 3, "min_samples_leaf": 1, "accuracy": 0.9761904761904762, "precision": 0.9583333333333334, "recall": 0.9583333333333334, "train_accuracy": [["sin_H_t", 0.010820101434562256], ["cos_H_t", 0.018885350956224012], ["W_t", 0.5890691333286777], ["M_t-1", 0.3812254142805361]]}