{"max_depth": 3, "min_samples_leaf": 1, "accuracy": 0.9702380952380952, "precision": 0.9479166666666666, "recall": 0.9479166666666666, "train_accuracy": [["sin_H_t", 0.008319564025626662], ["cos_H_t", 0.02054427279437223], ["W_t", 0.4189130431749195], ["M_t-1", 0.5522231200050817]]}