{"max_depth": 3, "min_samples_leaf": 1, "accuracy": 0.9702380952380952, "precision": 0.9479166666666666, "recall": 0.9479166666666666, "train_accuracy": [["sin_H_t", 0.011309889521177303], ["cos_H_t", 0.019030251384596145], ["W_t", 0.4578892253077784], ["M_t-1", 0.5117706337864482]]}