{"max_depth": 3, "min_samples_leaf": 1, "accuracy": 1.0, "precision": 1.0, "recall": 1.0, "train_accuracy": [["sin_H_t", 0.0], ["cos_H_t", 0.0025384686122593156], ["W_t", 0.8027715628361201], ["M_t-1", 0.19468996855162085]]}