{"max_depth": 3, "min_samples_leaf": 1, "accuracy": 1.0, "precision": 1.0, "recall": 1.0, "train_accuracy": [["sin_H_t", 0.26393956205088526], ["cos_H_t", 0.6319111030256993], ["W_t", 0.0], ["M_t-1", 0.10414933492341545]]}