{"max_depth": 3, "min_samples_leaf": 1, "accuracy": 1.0, "precision": 1.0, "recall": 1.0, "train_accuracy": [["sin_H_t", 0.0007209528260761528], ["cos_H_t", 0.0027184250979332214], ["W_t", 0.5097394469679352], ["M_t-1", 0.48682117510805545]]}