{"max_depth": 3, "min_samples_leaf": 1, "accuracy": 1.0, "precision": 1.0, "recall": 1.0, "train_accuracy": [["sin_H_t", 0.12074105169605276], ["cos_H_t", 0.6178258250594361], ["W_t", 1.615274701187612e-05], ["M_t-1", 0.26141697049749923]]}