{"max_depth": 3, "min_samples_leaf": 1, "accuracy": 0.9821428571428571, "precision": 0.96875, "recall": 0.96875, "train_accuracy": [["sin_H_t", 0.008668956512216691], ["cos_H_t", 0.01550572084905404], ["W_t", 0.6902682236909338], ["M_t-1", 0.28555709894779546]]}