{"max_depth": 3, "min_samples_leaf": 1, "accuracy": 1.0, "precision": 1.0, "recall": 1.0, "train_accuracy": [["sin_H_t", 0.3849173945514964], ["cos_H_t", 0.5101301504743839], ["W_t", 1.0981841518937237e-05], ["M_t-1", 0.10494147313260069]]}