{"max_depth": 3, "min_samples_leaf": 1, "accuracy": 0.9880952380952381, "precision": 0.9791666666666666, "recall": 0.9791666666666666, "train_accuracy": [["sin_H_t", 0.008126261218595165], ["cos_H_t", 0.009712755155459678], ["W_t", 0.5589601459495733], ["M_t-1", 0.42320083767637195]]}