{"max_depth": 3, "min_samples_leaf": 1, "accuracy": 0.9880952380952381, "precision": 0.9791666666666666, "recall": 0.9791666666666666, "train_accuracy": [["sin_H_t", 0.001179934638917538], ["cos_H_t", 0.010731962827116446], ["W_t", 0.41593277752851243], ["M_t-1", 0.5721553250054536]]}