{"max_depth": 3, "min_samples_leaf": 1, "accuracy": 0.9940476190476191, "precision": 0.9895833333333334, "recall": 0.9895833333333334, "train_accuracy": [["sin_H_t", 0.0015244322838244384], ["cos_H_t", 0.005591272813494144], ["W_t", 0.6042246446515667], ["M_t-1", 0.38865965025111476]]}