{"max_depth": 3, "min_samples_leaf": 1, "accuracy": 0.9761904761904762, "precision": 0.9583333333333334, "recall": 0.9583333333333334, "train_accuracy": [["sin_H_t", 0.008670555076657437], ["cos_H_t", 0.013636735391179638], ["W_t", 0.6285963952485806], ["M_t-1", 0.3490963142835823]]}