{"max_depth": 3, "min_samples_leaf": 1, "accuracy": 1.0, "precision": 1.0, "recall": 1.0, "train_accuracy": [["sin_H_t", 0.1898247359374532], ["cos_H_t", 0.6204546914968776], ["W_t", 0.0001215757921483124], ["M_t-1", 0.18959899677352088]]}