{"max_depth": 3, "min_samples_leaf": 1, "accuracy": 1.0, "precision": 1.0, "recall": 1.0, "train_accuracy": [["sin_H_t", 0.16445196229015938], ["cos_H_t", 0.6579638147466494], ["W_t", 3.19459411170327e-05], ["M_t-1", 0.17755227702207416]]}