{"max_depth": 3, "min_samples_leaf": 1, "accuracy": 1.0, "precision": 1.0, "recall": 1.0, "train_accuracy": [["sin_H_t", 0.10381153197099244], ["cos_H_t", 0.6949446781524721], ["W_t", 0.0], ["M_t-1", 0.20124378987653557]]}