{"max_depth": 3, "min_samples_leaf": 1, "accuracy": 1.0, "precision": 1.0, "recall": 1.0, "train_accuracy": [["sin_H_t", 0.056893884342458664], ["cos_H_t", 0.6566889302031511], ["W_t", 5.076228462823192e-05], ["M_t-1", 0.286366423169762]]}