{"max_depth": 3, "min_samples_leaf": 1, "accuracy": 0.9821428571428571, "precision": 0.96875, "recall": 0.96875, "train_accuracy": [["sin_H_t", 0.0066672267382530985], ["cos_H_t", 0.012589577285829828], ["W_t", 0.496218401474594], ["M_t-1", 0.484524794501323]]}