{"max_depth": 3, "min_samples_leaf": 1, "accuracy": 0.9940476190476191, "precision": 0.9895833333333334, "recall": 0.9895833333333334, "train_accuracy": [["sin_H_t", 0.002581390467497288], ["cos_H_t", 0.004357846518927261], ["W_t", 0.8952581810832267], ["M_t-1", 0.09780258193034866]]}