{"max_depth": 3, "min_samples_leaf": 1, "accuracy": 1.0, "precision": 1.0, "recall": 1.0, "train_accuracy": [["sin_H_t", 0.13248888200130368], ["cos_H_t", 0.504093449513831], ["W_t", 9.42620605513629e-06], ["M_t-1", 0.3634082422788102]]}