{"max_depth": 3, "min_samples_leaf": 1, "accuracy": 0.9821428571428571, "precision": 0.96875, "recall": 0.96875, "train_accuracy": [["sin_H_t", 0.004438795033046509], ["cos_H_t", 0.0170469823442982], ["W_t", 0.5948734513107165], ["M_t-1", 0.38364077131193886]]}