{"max_depth": 3, "min_samples_leaf": 1, "accuracy": 0.9880952380952381, "precision": 0.9791666666666666, "recall": 0.9791666666666666, "train_accuracy": [["sin_H_t", 0.00490537234737724], ["cos_H_t", 0.006698651865671541], ["W_t", 0.5453020813601201], ["M_t-1", 0.4430938944268311]]}