{"max_depth": 3, "min_samples_leaf": 1, "accuracy": 1.0, "precision": 1.0, "recall": 1.0, "train_accuracy": [["sin_H_t", 0.0539689355235643], ["cos_H_t", 0.8241150478957694], ["W_t", 1.0152919177678258e-05], ["M_t-1", 0.12190586366148856]]}