{"max_depth": 3, "min_samples_leaf": 1, "accuracy": 1.0, "precision": 1.0, "recall": 1.0, "train_accuracy": [["sin_H_t", 0.0748015596603679], ["cos_H_t", 0.6924986721962156], ["W_t", 0.00023569379442689954], ["M_t-1", 0.2324640743489897]]}