{"max_depth": 3, "min_samples_leaf": 1, "accuracy": 1.0, "precision": 1.0, "recall": 1.0, "train_accuracy": [["sin_H_t", 0.1263374324675517], ["cos_H_t", 0.5418982716235621], ["W_t", 8.943564704010063e-05], ["M_t-1", 0.331674860261846]]}