{"max_depth": 3, "min_samples_leaf": 1, "accuracy": 0.9761904761904762, "precision": 0.9583333333333334, "recall": 0.9583333333333334, "train_accuracy": [["sin_H_t", 0.004700846045455306], ["cos_H_t", 0.019945018449291113], ["W_t", 0.49780608254880504], ["M_t-1", 0.4775480529564485]]}