{"max_depth": 3, "min_samples_leaf": 1, "accuracy": 1.0, "precision": 1.0, "recall": 1.0, "train_accuracy": [["sin_H_t", 0.18543661347330226], ["cos_H_t", 0.7387113729823301], ["W_t", 4.0805329268387024e-05], ["M_t-1", 0.0758112082150991]]}